{
    "block dick": {
        "1": {
            "number": 1,
            "mass": 30,
            "loc": [
                -70,
                202
            ],
            "acceleration": [
                5.0,
                0
            ],
            "forces": {
                "y": [
                    0,
                    "t"
                ],
                "x": [
                    0,
                    "r"
                ]
            },
            "initvelocity": [
                0,
                0
            ],
            "size": [
                30,
                30
            ],
            "angle of incline": -1,
            "textloc": -1.0
        },
        "2": {
            "number": 2,
            "mass": 40,
            "loc": [
                115,
                133
            ],
            "acceleration": [
                0,
                -2.5
            ],
            "forces": {
                "y": [
                    0,
                    "t"
                ],
                "x": [
                    0,
                    "r"
                ]
            },
            "initvelocity": [
                0,
                0
            ],
            "size": [
                30,
                30
            ],
            "angle of incline": -1,
            "textloc": 1.0
        }
    },
    "bigblock dick": {
        "number": 2,
        "mass": -1,
        "acceleration": [
            0,
            0
        ],
        "size": [
            150,
            150
        ],
        "type": "tp",
        "langle": 90,
        "rangle": 90,
        "lpulley": 0,
        "rpulley": 2,
        "cpulley": 0,
        "force": {},
        "block": {
            "1": [
                1,
                "c",
                [
                    -9.18485099360515e-16,
                    -15.0
                ]
            ]
        }
    },
    "pulley dick": {
        "1": {
            "number": 1,
            "centre": [
                0,
                220
            ],
            "radius": 18,
            "acceleration": [
                2.5,
                0
            ],
            "initvelocity": [
                0,
                0
            ],
            "forces": [],
            "bb": 0,
            "textloc": 1.0
        },
        "2": {
            "number": 2,
            "centre": [
                91.0,
                196.0
            ],
            "radius": 24,
            "acceleration": 0,
            "initvelocity": [
                0,
                0
            ],
            "forces": [],
            "bb": 1,
            "textloc": 1.0
        }
    },
    "string dick": {
        "1": {
            "number": 1,
            "first obj": 1,
            "first obj type": "<class 'blocksclass.pulleys'>",
            "second obj": 1,
            "second obj type": "<class 'blocksclass.blocks'>",
            "angle": 4.71238898038469,
            "str no": 1,
            "toc": "tm"
        },
        "2": {
            "number": 2,
            "first obj": 1,
            "first obj type": "<class 'blocksclass.pulleys'>",
            "second obj": 1,
            "second obj type": "<class 'blocksclass.grounds'>",
            "angle": 1.5707963267948966,
            "str no": 1,
            "toc": "tm"
        },
        "3": {
            "number": 3,
            "first obj": 1,
            "first obj type": "<class 'blocksclass.pulleys'>",
            "second obj": 2,
            "second obj type": "<class 'blocksclass.pulleys'>",
            "angle": 1.5707963267948966,
            "str no": 2,
            "toc": "mt"
        },
        "4": {
            "number": 4,
            "first obj": 2,
            "first obj type": "<class 'blocksclass.pulleys'>",
            "second obj": 2,
            "second obj type": "<class 'blocksclass.blocks'>",
            "angle": 3.141592653589793,
            "str no": 2,
            "toc": "tm"
        }
    },
    "normal dick": {
        "1": {
            "force": [
                30.0
            ],
            "number": 1,
            "objects": [
                "B",
                "b1"
            ],
            "angle": 1.5707963267948966,
            "contains_ground": 1
        }
    },
    "ceiling dick": {
        "1": {
            "position": "l",
            "number": 1,
            "loc": [
                -90.0,
                238.0
            ],
            "size": 20
        }
    }
}