{
    "block dick": {
        "1": {
            "number": 1,
            "mass": 30,
            "loc": [
                150,
                120.0
            ],
            "acceleration": [
                0,
                -2.5
            ],
            "forces": {
                "y": [
                    0,
                    "t"
                ],
                "x": [
                    0,
                    "r"
                ]
            },
            "initvelocity": [
                0,
                0
            ],
            "size": [
                30,
                30
            ],
            "angle of incline": -1,
            "textloc": -1.0
        },
        "2": {
            "number": 2,
            "mass": 40,
            "loc": [
                204.0,
                101.0
            ],
            "acceleration": [
                0,
                1.25
            ],
            "forces": {
                "y": [
                    0,
                    "t"
                ],
                "x": [
                    0,
                    "r"
                ]
            },
            "initvelocity": [
                0,
                0
            ],
            "size": [
                30,
                30
            ],
            "angle of incline": -1,
            "textloc": 1.0
        }
    },
    "pulley dick": {
        "1": {
            "number": 1,
            "centre": [
                168.0,
                220.0
            ],
            "radius": 18,
            "acceleration": [
                0,
                0
            ],
            "initvelocity": [
                0,
                0
            ],
            "forces": [],
            "bb": 0,
            "textloc": 1.0
        },
        "2": {
            "number": 2,
            "centre": [
                204.0,
                169.0
            ],
            "radius": 18,
            "acceleration": [
                0,
                1.25
            ],
            "initvelocity": [
                0,
                0
            ],
            "forces": [],
            "bb": 0,
            "textloc": 1.0
        }
    },
    "string dick": {
        "1": {
            "number": 1,
            "first obj": 1,
            "first obj type": "<class 'blocksclass.blocks'>",
            "second obj": 1,
            "second obj type": "<class 'blocksclass.pulleys'>",
            "angle": 0.0,
            "str no": 1,
            "toc": "mt"
        },
        "2": {
            "number": 2,
            "first obj": 1,
            "first obj type": "<class 'blocksclass.pulleys'>",
            "second obj": 2,
            "second obj type": "<class 'blocksclass.pulleys'>",
            "angle": 3.141592653589793,
            "str no": 1,
            "toc": "tz"
        },
        "3": {
            "number": 3,
            "first obj": 2,
            "first obj type": "<class 'blocksclass.pulleys'>",
            "second obj": 1,
            "second obj type": "<class 'blocksclass.grounds'>",
            "angle": 0.0,
            "str no": 1,
            "toc": "tm"
        },
        "4": {
            "number": 4,
            "first obj": 2,
            "first obj type": "<class 'blocksclass.pulleys'>",
            "second obj": 2,
            "second obj type": "<class 'blocksclass.blocks'>",
            "angle": 3.141592653589793,
            "str no": 2,
            "toc": "mm"
        }
    },
    "normal dick": {},
    "ceiling dick": {
        "1": {
            "position": "t",
            "number": 1,
            "loc": [
                222.0,
                264.0
            ],
            "size": 100
        }
    }
}