{
    "block dick": {
        "1": {
            "number": 1,
            "mass": 30,
            "loc": [
                150,
                185.35176772185918
            ],
            "acceleration": [
                -0.2,
                -0.2
            ],
            "forces": {
                "y": [
                    0,
                    "t"
                ],
                "x": [
                    0,
                    "r"
                ]
            },
            "initvelocity": [
                0,
                0
            ],
            "size": [
                30,
                30
            ],
            "angle of incline": 45,
            "textloc": -1.0
        },
        "2": {
            "number": 2,
            "mass": 40,
            "loc": [
                235.86143571373725,
                109.0
            ],
            "acceleration": [
                0.0,
                0.14
            ],
            "forces": {
                "y": [
                    0,
                    "t"
                ],
                "x": [
                    0,
                    "r"
                ]
            },
            "initvelocity": [
                0,
                0
            ],
            "size": [
                30,
                30
            ],
            "angle of incline": -1,
            "textloc": 1.0
        }
    },
    "bigblock dick": {
        "number": 2,
        "mass": -1,
        "acceleration": [
            0,
            0
        ],
        "size": [
            100,
            100
        ],
        "type": "tr",
        "langle": 45,
        "rangle": 90,
        "lpulley": 0,
        "rpulley": 0,
        "cpulley": 1,
        "force": {},
        "block": {
            "1": [
                1,
                "l",
                [
                    10.606601717798211,
                    -10.606601717798213
                ]
            ]
        }
    },
    "pulley dick": {
        "1": {
            "number": 1,
            "centre": [
                205.86143571373725,
                220.0
            ],
            "radius": 15,
            "acceleration": 0,
            "initvelocity": [
                0,
                0
            ],
            "forces": [],
            "bb": 1,
            "textloc": 1.0
        },
        "2": {
            "number": 2,
            "centre": [
                235.86143571373725,
                159.0
            ],
            "radius": 18,
            "acceleration": [
                0,
                0.14
            ],
            "initvelocity": [
                0,
                0
            ],
            "forces": [],
            "bb": 0,
            "textloc": 1.0
        }
    },
    "string dick": {
        "1": {
            "number": 1,
            "first obj": 1,
            "first obj type": "<class 'blocksclass.blocks'>",
            "second obj": 1,
            "second obj type": "<class 'blocksclass.pulleys'>",
            "angle": 0.7853981633974483,
            "str no": 1,
            "toc": "mt"
        },
        "2": {
            "number": 2,
            "first obj": 1,
            "first obj type": "<class 'blocksclass.pulleys'>",
            "second obj": 2,
            "second obj type": "<class 'blocksclass.pulleys'>",
            "angle": 3.141592653589793,
            "str no": 1,
            "toc": "tz"
        },
        "3": {
            "number": 3,
            "first obj": 2,
            "first obj type": "<class 'blocksclass.pulleys'>",
            "second obj": 1,
            "second obj type": "<class 'blocksclass.grounds'>",
            "angle": 0.0,
            "str no": 1,
            "toc": "zm"
        },
        "4": {
            "number": 4,
            "first obj": 2,
            "first obj type": "<class 'blocksclass.pulleys'>",
            "second obj": 2,
            "second obj type": "<class 'blocksclass.blocks'>",
            "angle": 3.141592653589793,
            "str no": 2,
            "toc": "mm"
        }
    },
    "normal dick": {
        "1": {
            "force": [
                20.28
            ],
            "number": 1,
            "objects": [
                "B",
                "b1"
            ],
            "angle": 2.356194490192345,
            "contains_ground": 1
        }
    },
    "ceiling dick": {
        "1": {
            "position": "t",
            "number": 1,
            "loc": [
                253.86143571373725,
                231.0
            ],
            "size": 150
        }
    }
}