{"block dick": {"1": {"number": 1, "mass": 30, "loc": [150, 169.08831175456856], "acceleration": [1.91, 1.91], "forces": {"y": [0, "t"], "x": [0, "r"]}, "initvelocity": [0, 0], "size": [30, 30], "angle of incline": 45, "textloc": -1.0}, "2": {"number": 2, "mass": 40, "loc": [237, 143.08831175456856], "acceleration": [0.0, -2.71], "forces": {"y": [0, "t"], "x": [0, "r"]}, "initvelocity": [0, 0], "size": [30, 30], "angle of incline": -1, "textloc": 1.0}}, "bigblock dick": {"number": 2, "mass": -1, "acceleration": [0, 0], "size": [100, 100], "type": "tr", "langle": 45, "rangle": 90, "lpulley": 0, "rpulley": 0, "cpulley": 1, "force": {}, "block": {"1": [1, "l", [10.606601717798211, -10.606601717798213]]}}, "pulley dick": {"1": {"number": 1, "centre": [222.12489168102786, 220.0], "radius": 15, "acceleration": 0, "initvelocity": [0, 0], "forces": [], "bb": 1, "textloc": 1.0}}, "string dick": {"1": {"number": 1, "first obj": 1, "first obj type": "<class 'blocksclass.blocks'>", "second obj": 1, "second obj type": "<class 'blocksclass.pulleys'>", "angle": 0.7853981633974483, "str no": 1, "toc": "mt"}, "2": {"number": 2, "first obj": 1, "first obj type": "<class 'blocksclass.pulleys'>", "second obj": 2, "second obj type": "<class 'blocksclass.blocks'>", "angle": 3.141592653589793, "str no": 1, "toc": "tm"}}, "normal dick": {"1": {"force": [21.13], "number": 1, "objects": ["B", "b1"], "angle": 2.356194490192345, "contains_ground": 1}}, "ceiling dick": {}}